{"cameraMode":{"drawMode":0,"name":"Shaded","section":"Shading Mode"},"sceneLighting":true,"audioPlay":false,"sceneViewState":{"showFog":true,"showMaterialUpdate":false,"showSkybox":true,"showFlares":true,"showImageEffects":true,"showParticleSystems":true},"in2DMode":false,"pivot":{"x":243.77633666992188,"y":68.49066925048828,"z":21.88861083984375},"rotation":{"x":0.16273902356624604,"y":-0.06359641999006272,"z":0.010507648810744286,"w":0.9845613241195679},"size":312.6777648925781,"orthographic":false}